label,kernels,main_kernel,time_ns,flops,dram_read,dram_write,dram_pct,sm_pct,occ_achieved,occ_theoretical,registers,block,grid,fma_pct,smem_ld_conflicts,smem_ld_wavefronts,l1_hit,l2_hit,sm_hz,stalls
gelu_64MB.fused,1,mc_elementwise,467712.0,376957259.4987,67119232.0,66668672.0,91.13,26.04,98.03,100.0,30.0,256.0,180.0,18.55,0.0,0.0,0.0,50.01,888982251.19,long_scoreboard=39.95; lg_throttle=1.25; wait=0.57
gelu_64MB.unfused,9,mc_elementwise,4890112.0,376962369.28749996,805375360.0,600607360.0,92.0028860197885,4.16,95.46,100.0,16.0,256.0,180.0,1.94,0.0,0.0,0.0,33.34,898298931.4,long_scoreboard=370.28; lg_throttle=52.38; wait=2.77
matmul_128x2048x512.cublas,1,ampere_sgemm_64x32_sliced1x4_nn,119648.0,269484030.8959,5757056.0,997632.0,18.0,51.93,29.5,33.33,82.0,256.0,64.0,46.28,0.0,810145.0,0.0,77.9,895111772.31,not_selected=1.24; wait=0.85; long_scoreboard=0.68
matmul_128x2048x512.naive,1,"unnamed>::matmul_naive(const float *, const float *, float *, int, int, int)",706272.0,268434213.6834,21125760.0,1192704.0,10.07,87.78,75.71,100.0,40.0,256.0,256.0,18.38,0.0,0.0,88.09,67.2,902740964.77,lg_throttle=19.01; long_scoreboard=6.30; not_selected=3.31
matmul_128x2048x512.register_tiled_128,1,"void unnamed>::matmul_register_tiled<128, 128, 8, 8, 8>(const float *, const float *, float *, int, int, int)",1057504.0,268429047.68119997,5270656.0,949376.0,1.87,5.61,16.76,33.33,128.0,256.0,4.0,29.05,0.0,786432.0,1.51,40.34,894911351.01,long_scoreboard=1.07; not_selected=0.68; wait=0.47
matmul_128x2048x512.register_tiled_64,1,"void unnamed>::matmul_register_tiled<64, 64, 8, 4, 4>(const float *, const float *, float *, int, int, int)",795264.0,268432096.613,5254528.0,988416.0,2.5,14.71,16.71,66.67,64.0,256.0,16.0,10.87,0.0,1572864.0,0.77,69.41,897469687.21,long_scoreboard=5.52; wait=1.44; short_scoreboard=0.88
matmul_128x2048x512.tiled,1,"unnamed>::matmul_tiled(const float *, const float *, float *, int, int, int)",718272.0,268439403.6,10417920.0,1136384.0,5.12,59.45,66.51,66.67,38.0,1024.0,64.0,8.29,0.0,6291456.0,0.0,69.25,901421745.52,mio_throttle=21.03; long_scoreboard=4.47; not_selected=3.60
matmul_2048x2048x2048.cublas,1,ampere_sgemm_128x64_nn,4111200.0,17184054128.5183,185782400.0,16878976.0,15.56,70.3,31.41,33.33,122.0,128.0,512.0,63.8,0.0,33751868.0,0.2,89.58,899951271.32,not_selected=1.76; wait=1.04; dispatch_stall=0.90
matmul_2048x2048x2048.naive,1,"unnamed>::matmul_naive(const float *, const float *, float *, int, int, int)",40324096.0,17179554757.2488,2177586176.0,17903872.0,17.19,98.69,99.52,100.0,40.0,256.0,16384.0,19.3,0.0,0.0,87.28,50.05,900027351.72,lg_throttle=25.50; long_scoreboard=6.62; not_selected=4.50
matmul_2048x2048x2048.register_tiled_128,1,"void unnamed>::matmul_register_tiled<128, 128, 8, 8, 8>(const float *, const float *, float *, int, int, int)",6819968.0,17179873649.3766,159222272.0,16762752.0,8.15,55.32,31.77,33.33,128.0,256.0,256.0,40.31,0.0,50358892.0,2.34,70.99,901265421.38,not_selected=1.92; dispatch_stall=0.86; long_scoreboard=0.63
matmul_2048x2048x2048.register_tiled_64,1,"void unnamed>::matmul_register_tiled<64, 64, 8, 4, 4>(const float *, const float *, float *, int, int, int)",9651712.0,17179803415.5692,502176640.0,17246592.0,16.99,77.4,64.17,66.67,64.0,256.0,1024.0,31.16,0.0,100664208.0,3.26,52.61,899540482.21,long_scoreboard=4.64; not_selected=2.04; mio_throttle=1.75
matmul_2048x2048x2048.tiled,1,"unnamed>::matmul_tiled(const float *, const float *, float *, int, int, int)",32952352.0,17179631993.317402,1125657344.0,17909376.0,10.95,83.05,66.67,66.67,38.0,1024.0,4096.0,8.31,0.0,402653184.0,0.0,48.07,900085756.14,mio_throttle=21.04; long_scoreboard=4.48; not_selected=3.60
matmul_512x512x512.cublas,1,ampere_sgemm_128x64_nn,91296.0,271056693.79389995,2202368.0,1063424.0,11.4,55.6,28.39,33.33,122.0,128.0,128.0,50.53,0.0,573527.0,7.02,93.17,886749328.19,not_selected=1.37; wait=1.18; dispatch_stall=0.70
matmul_512x512x512.naive,1,"unnamed>::matmul_naive(const float *, const float *, float *, int, int, int)",656928.0,268437198.3,2145920.0,1078912.0,1.55,94.99,92.94,100.0,40.0,256.0,1024.0,19.11,0.0,0.0,88.68,97.04,898827573.19,lg_throttle=25.87; not_selected=4.59; long_scoreboard=3.16
matmul_512x512x512.register_tiled_128,1,"void unnamed>::matmul_register_tiled<128, 128, 8, 8, 8>(const float *, const float *, float *, int, int, int)",270592.0,268433176.3176,2118784.0,655616.0,3.24,22.0,16.66,33.33,128.0,256.0,16.0,28.6,0.0,786432.0,5.52,77.81,899156910.28,long_scoreboard=1.08; not_selected=0.68; wait=0.47
matmul_512x512x512.register_tiled_64,1,"void unnamed>::matmul_register_tiled<64, 64, 8, 4, 4>(const float *, const float *, float *, int, int, int)",244864.0,268436582.4,2108800.0,720000.0,3.65,47.86,35.11,66.67,64.0,256.0,64.0,19.94,0.0,1572864.0,2.88,88.22,899642250.39,long_scoreboard=4.86; wait=1.48; mio_throttle=1.15
matmul_512x512x512.tiled,1,"unnamed>::matmul_tiled(const float *, const float *, float *, int, int, int)",536576.0,268435864.4904,2101632.0,1081728.0,1.87,79.85,66.51,66.67,38.0,1024.0,256.0,8.54,0.0,6291456.0,0.87,93.73,901202563.41,mio_throttle=20.74; not_selected=3.60; long_scoreboard=3.49
