NVTX Range,Style,PID,TID,NVTX Inst,Kern Inst,Total Time (ns),Avg (ns),Med (ns),Min (ns),Max (ns),StdDev (ns),Kernel Name
,,684,684,0,7662,344695986,44987.7,6651.0,1425,9397883,283338.9,"void at::native::vectorized_elementwise_kernel<(int)4, at::native::BinaryFunctor<float, float, float, at::native::binary_internal::MulFunctor<float>>, std::array<char *, (unsigned long)3>, (bool)0>(int, T2, T3)"
,,684,684,0,8599,290342498,33764.7,8234.0,1868,9618552,236598.5,"void at::native::elementwise_kernel<(int)128, (int)2, void at::native::gpu_kernel_impl_nocast<at::native::BinaryFunctor<float, float, float, at::native::binary_internal::MulFunctor<float>>>(at::TensorIteratorBase &, const T1 &)::[lambda(int) (instance 1)]>(int, T3)"
,,684,684,0,1409,207232242,147077.5,147038.0,140959,157997,2173.9,ampere_sgemm_128x128_nn
,,684,684,0,1409,198731369,141044.3,140167.0,134277,164932,4829.2,ampere_sgemm_128x64_nn
,,684,684,0,1870,175403723,93798.8,46174.0,37718,199071,64605.7,"void minicompiler::cuda::<unnamed>::matmul_vectorized<(int)8, (bool)1, (bool)1>(const float *, const float *, float *, int, int, int, int, float *)"
,,684,684,0,3654,172646908,47248.7,7221.0,5953,2003028,100993.4,triton_poi_fused_add_div_mul_sqrt_tanh_0
,,684,684,0,2333,149700319,64166.4,63749.0,55357,70780,2680.8,ampere_sgemm_64x32_sliced1x4_nn
,,684,684,0,2333,142255502,60975.4,60140.0,47282,1622336,32453.2,ampere_sgemm_128x32_nn
,,684,684,0,4426,138743052,31347.3,6555.0,1520,10511869,259309.5,"void at::native::vectorized_elementwise_kernel<(int)4, at::native::CUDAFunctor_add<float>, std::array<char *, (unsigned long)3>, (bool)0>(int, T2, T3)"
,,684,684,0,7239,134687489,18605.8,5415.0,1615,8821508,140530.9,"void at::native::elementwise_kernel<(int)128, (int)2, void at::native::gpu_kernel_impl_nocast<at::native::CUDAFunctor_add<float>>(at::TensorIteratorBase &, const T1 &)::[lambda(int) (instance 1)]>(int, T3)"
,,684,684,0,3485,132093613,37903.5,6682.0,1551,6658773,324100.7,mc_elementwise
,,684,684,0,2456,122073295,49704.1,10166.0,5890,1248232,99352.6,"void at::native::vectorized_elementwise_kernel<(int)4, at::native::FillFunctor<int>, std::array<char *, (unsigned long)1>, (bool)0>(int, T2, T3)"
,,684,684,0,2546,115424472,45335.6,11179.0,10165,274823,57327.4,"void at::native::<unnamed>::multi_tensor_apply_kernel<at::native::<unnamed>::TensorListMetadata<(int)2>, at::native::<unnamed>::UnaryOpFunctor<float, (int)2, (int)1, (int)1>, at::native::Copy<float, float>>(T1, T2, T3...)"
,,684,684,0,2554,82681814,32373.5,7157.0,1520,7546264,194450.5,"void at::native::vectorized_elementwise_kernel<(int)4, at::native::tanh_kernel_cuda(at::TensorIteratorBase &)::[lambda() (instance 2)]::operator ()() const::[lambda() (instance 2)]::operator ()() const::[lambda(float) (instance 1)], std::array<char *, (unsigned long)2>, (bool)0>(int, T2, T3)"
,,684,684,0,2550,68397828,26822.7,7125.0,1520,269946,58330.9,"void at::native::vectorized_elementwise_kernel<(int)4, at::native::GeluCUDAKernelImpl(at::TensorIteratorBase &, at::native::GeluType)::[lambda() (instance 1)]::operator ()() const::[lambda() (instance 2)]::operator ()() const::[lambda(float) (instance 1)], std::array<char *, (unsigned long)2>, (bool)0>(int, T2, T3)"
,,684,684,0,2278,31615366,13878.6,5986.0,4750,34393,10100.7,triton_poi_fused_add_div_mul_sqrt_sub_tanh_0
,,684,684,0,3491,13670849,3916.0,1425.0,1171,10862,3171.2,"void at::native::vectorized_elementwise_kernel<(int)4, at::native::sqrt_kernel_cuda(at::TensorIteratorBase &)::[lambda() (instance 2)]::operator ()() const::[lambda() (instance 2)]::operator ()() const::[lambda(float) (instance 1)], std::array<char *, (unsigned long)2>, (bool)0>(int, T2, T3)"
,,684,684,0,2554,12830993,5023.9,7569.0,1298,17386,3163.4,"void at::native::vectorized_elementwise_kernel<(int)4, at::native::BinaryFunctor<float, float, float, at::native::binary_internal::DivFunctor<float>>, std::array<char *, (unsigned long)3>, (bool)0>(int, T2, T3)"
,,684,684,0,935,12379806,13240.4,5131.0,4465,34012,10629.1,"void at::native::batch_norm_transform_input_channels_last_kernel<float, float, float, (int)4>(const T1 *, const T1 *, const T2 *, const T2 *, const T3 *, const T3 *, T1 *, int, int, bool)"
,,684,684,0,937,12250341,13074.0,4370.0,3864,34614,11344.6,"void at::native::elementwise_kernel<(int)128, (int)2, void at::native::gpu_kernel_impl_nocast<at::native::BinaryFunctor<float, float, float, at::native::binary_internal::DivFunctor<float>>>(at::TensorIteratorBase &, const T1 &)::[lambda(int) (instance 1)]>(int, T3)"
,,684,684,0,1518,9336343,6150.4,7569.0,3167,8867,2274.1,"void minicompiler::cuda::<unnamed>::sum_splits<(bool)1>(const float *, float *, unsigned long, int)"
,,684,684,0,2294,7626692,3324.6,2470.0,1583,6048,1321.4,triton_poi_fused_add_1
,,684,684,0,935,1277386,1366.2,1330.0,1235,1584,70.3,"void at::native::vectorized_elementwise_kernel<(int)4, at::native::<unnamed>::batch_norm_calc_invstd(const at::Tensor &, const at::Tensor &, double)::[lambda() (instance 1)]::operator ()() const::[lambda() (instance 2)]::operator ()() const::[lambda(float) (instance 1)], std::array<char *, (unsigned long)2>, (bool)0>(int, T2, T3)"
:gelu_16kb/compile,PushPop,684,684,50,50,376895,7537.9,7537.0,7505,7600,28.8,triton_poi_fused_add_div_mul_sqrt_tanh_0
:gelu_16kb/compile_cudagraphs,PushPop,684,684,50,50,568177,11363.5,11353.5,11052,11718,111.2,"void at::native::<unnamed>::multi_tensor_apply_kernel<at::native::<unnamed>::TensorListMetadata<(int)2>, at::native::<unnamed>::UnaryOpFunctor<float, (int)2, (int)1, (int)1>, at::native::Copy<float, float>>(T1, T2, T3...)"
:gelu_16kb/compile_cudagraphs,PushPop,684,684,50,50,377333,7546.7,7537.0,7505,7601,30.7,triton_poi_fused_add_div_mul_sqrt_tanh_0
:gelu_16kb/eager,PushPop,684,684,50,150,1294020,8626.8,8614.0,8550,8741,45.1,"void at::native::elementwise_kernel<(int)128, (int)2, void at::native::gpu_kernel_impl_nocast<at::native::BinaryFunctor<float, float, float, at::native::binary_internal::MulFunctor<float>>>(at::TensorIteratorBase &, const T1 &)::[lambda(int) (instance 1)]>(int, T3)"
:gelu_16kb/eager,PushPop,684,684,50,150,1054791,7031.9,7125.0,6682,7284,202.4,"void at::native::vectorized_elementwise_kernel<(int)4, at::native::BinaryFunctor<float, float, float, at::native::binary_internal::MulFunctor<float>>, std::array<char *, (unsigned long)3>, (bool)0>(int, T2, T3)"
:gelu_16kb/eager,PushPop,684,684,50,50,435068,8701.4,8709.0,8614,8773,42.2,"void at::native::elementwise_kernel<(int)128, (int)2, void at::native::gpu_kernel_impl_nocast<at::native::CUDAFunctor_add<float>>(at::TensorIteratorBase &, const T1 &)::[lambda(int) (instance 1)]>(int, T3)"
:gelu_16kb/eager,PushPop,684,684,50,50,420435,8408.7,8424.0,8360,8456,27.4,"void at::native::vectorized_elementwise_kernel<(int)4, at::native::BinaryFunctor<float, float, float, at::native::binary_internal::DivFunctor<float>>, std::array<char *, (unsigned long)3>, (bool)0>(int, T2, T3)"
:gelu_16kb/eager,PushPop,684,684,50,50,415560,8311.2,8329.0,8265,8361,28.1,"void at::native::vectorized_elementwise_kernel<(int)4, at::native::sqrt_kernel_cuda(at::TensorIteratorBase &)::[lambda() (instance 2)]::operator ()() const::[lambda() (instance 2)]::operator ()() const::[lambda(float) (instance 1)], std::array<char *, (unsigned long)2>, (bool)0>(int, T2, T3)"
:gelu_16kb/eager,PushPop,684,684,50,50,365872,7317.4,7315.0,7252,7506,37.7,"void at::native::vectorized_elementwise_kernel<(int)4, at::native::tanh_kernel_cuda(at::TensorIteratorBase &)::[lambda() (instance 2)]::operator ()() const::[lambda() (instance 2)]::operator ()() const::[lambda(float) (instance 1)], std::array<char *, (unsigned long)2>, (bool)0>(int, T2, T3)"
:gelu_16kb/eager,PushPop,684,684,50,50,363589,7271.8,7284.0,7220,7347,33.8,"void at::native::vectorized_elementwise_kernel<(int)4, at::native::CUDAFunctor_add<float>, std::array<char *, (unsigned long)3>, (bool)0>(int, T2, T3)"
:gelu_16kb/eager_idiomatic,PushPop,684,684,50,50,367485,7349.7,7347.0,7284,7506,38.9,"void at::native::vectorized_elementwise_kernel<(int)4, at::native::GeluCUDAKernelImpl(at::TensorIteratorBase &, at::native::GeluType)::[lambda() (instance 1)]::operator ()() const::[lambda() (instance 2)]::operator ()() const::[lambda(float) (instance 1)], std::array<char *, (unsigned long)2>, (bool)0>(int, T2, T3)"
:gelu_16kb/minicompiler,PushPop,684,684,50,50,362515,7250.3,7252.0,7188,7316,34.1,mc_elementwise
:gelu_32mb/compile,PushPop,684,684,50,50,10610137,212202.7,210994.0,205848,270864,8570.1,triton_poi_fused_add_div_mul_sqrt_tanh_0
:gelu_32mb/compile_cudagraphs,PushPop,684,684,50,50,13394402,267888.0,210709.5,209427,2005783,286949.8,triton_poi_fused_add_div_mul_sqrt_tanh_0
:gelu_32mb/compile_cudagraphs,PushPop,684,684,50,50,10742451,214849.0,213480.0,208698,272923,8492.0,"void at::native::<unnamed>::multi_tensor_apply_kernel<at::native::<unnamed>::TensorListMetadata<(int)2>, at::native::<unnamed>::UnaryOpFunctor<float, (int)2, (int)1, (int)1>, at::native::Copy<float, float>>(T1, T2, T3...)"
:gelu_32mb/eager,PushPop,684,684,50,150,46854412,312362.7,312905.0,205469,2088313,212942.6,"void at::native::vectorized_elementwise_kernel<(int)4, at::native::BinaryFunctor<float, float, float, at::native::binary_internal::MulFunctor<float>>, std::array<char *, (unsigned long)3>, (bool)0>(int, T2, T3)"
:gelu_32mb/eager,PushPop,684,684,50,150,33068350,220455.7,208555.5,207463,1469153,104921.0,"void at::native::elementwise_kernel<(int)128, (int)2, void at::native::gpu_kernel_impl_nocast<at::native::BinaryFunctor<float, float, float, at::native::binary_internal::MulFunctor<float>>>(at::TensorIteratorBase &, const T1 &)::[lambda(int) (instance 1)]>(int, T3)"
:gelu_32mb/eager,PushPop,684,684,50,50,16525670,330513.4,313902.5,311654,982370,94900.7,"void at::native::vectorized_elementwise_kernel<(int)4, at::native::CUDAFunctor_add<float>, std::array<char *, (unsigned long)3>, (bool)0>(int, T2, T3)"
:gelu_32mb/eager,PushPop,684,684,50,50,11357270,227145.4,208761.5,207589,936862,103322.6,"void at::native::elementwise_kernel<(int)128, (int)2, void at::native::gpu_kernel_impl_nocast<at::native::CUDAFunctor_add<float>>(at::TensorIteratorBase &, const T1 &)::[lambda(int) (instance 1)]>(int, T3)"
:gelu_32mb/eager,PushPop,684,684,50,50,10713632,214272.6,211374.5,209332,267286,12185.3,"void at::native::vectorized_elementwise_kernel<(int)4, at::native::tanh_kernel_cuda(at::TensorIteratorBase &)::[lambda() (instance 2)]::operator ()() const::[lambda() (instance 2)]::operator ()() const::[lambda(float) (instance 1)], std::array<char *, (unsigned long)2>, (bool)0>(int, T2, T3)"
:gelu_32mb/eager,PushPop,684,684,50,50,86833,1736.7,1679.0,1647,3578,269.7,"void at::native::vectorized_elementwise_kernel<(int)4, at::native::BinaryFunctor<float, float, float, at::native::binary_internal::DivFunctor<float>>, std::array<char *, (unsigned long)3>, (bool)0>(int, T2, T3)"
:gelu_32mb/eager,PushPop,684,684,50,50,68619,1372.4,1362.0,1330,1488,24.4,"void at::native::vectorized_elementwise_kernel<(int)4, at::native::sqrt_kernel_cuda(at::TensorIteratorBase &)::[lambda() (instance 2)]::operator ()() const::[lambda() (instance 2)]::operator ()() const::[lambda(float) (instance 1)], std::array<char *, (unsigned long)2>, (bool)0>(int, T2, T3)"
:gelu_32mb/eager_idiomatic,PushPop,684,684,50,50,10572353,211447.1,210123.5,205120,268742,8825.6,"void at::native::vectorized_elementwise_kernel<(int)4, at::native::GeluCUDAKernelImpl(at::TensorIteratorBase &, at::native::GeluType)::[lambda() (instance 1)]::operator ()() const::[lambda() (instance 2)]::operator ()() const::[lambda(float) (instance 1)], std::array<char *, (unsigned long)2>, (bool)0>(int, T2, T3)"
:gelu_32mb/minicompiler,PushPop,684,684,50,50,10648867,212977.3,211184.5,207210,270073,8899.9,mc_elementwise
:mlp_b128/compile,PushPop,684,684,50,50,3438324,68766.5,68990.5,66124,70273,1062.6,ampere_sgemm_64x32_sliced1x4_nn
:mlp_b128/compile,PushPop,684,684,50,50,3218862,64377.2,64525.5,63464,64921,386.7,ampere_sgemm_128x32_nn
:mlp_b128/compile,PushPop,684,684,50,50,282835,5656.7,5637.0,5510,5986,73.0,triton_poi_fused_add_div_mul_sqrt_sub_tanh_0
:mlp_b128/compile,PushPop,684,684,50,50,118344,2366.9,2343.5,2280,2565,73.2,triton_poi_fused_add_1
:mlp_b128/compile_cudagraphs,PushPop,684,684,50,50,3475509,69510.2,69545.0,66442,71129,973.4,ampere_sgemm_64x32_sliced1x4_nn
:mlp_b128/compile_cudagraphs,PushPop,684,684,50,50,3247998,64960.0,65080.0,63971,65681,479.3,ampere_sgemm_128x32_nn
:mlp_b128/compile_cudagraphs,PushPop,684,684,50,50,2692138,53842.8,53504.5,52222,68089,2128.3,"void at::native::<unnamed>::multi_tensor_apply_kernel<at::native::<unnamed>::TensorListMetadata<(int)2>, at::native::<unnamed>::UnaryOpFunctor<float, (int)2, (int)1, (int)1>, at::native::Copy<float, float>>(T1, T2, T3...)"
:mlp_b128/compile_cudagraphs,PushPop,684,684,50,50,270481,5409.6,5431.5,4908,5763,164.5,triton_poi_fused_add_div_mul_sqrt_sub_tanh_0
:mlp_b128/compile_cudagraphs,PushPop,684,684,50,50,103999,2080.0,2059.0,1995,2312,60.5,triton_poi_fused_add_1
:mlp_b128/eager,PushPop,684,684,50,50,3418847,68376.9,68515.5,66188,70654,1075.8,ampere_sgemm_64x32_sliced1x4_nn
:mlp_b128/eager,PushPop,684,684,50,50,3213415,64268.3,64367.5,63306,64953,417.2,ampere_sgemm_128x32_nn
:mlp_b128/eager,PushPop,684,684,50,300,1125005,3750.0,4148.5,1646,5732,1270.5,"void at::native::elementwise_kernel<(int)128, (int)2, void at::native::gpu_kernel_impl_nocast<at::native::CUDAFunctor_add<float>>(at::TensorIteratorBase &, const T1 &)::[lambda(int) (instance 1)]>(int, T3)"
:mlp_b128/eager,PushPop,684,684,50,200,991521,4957.6,4164.5,3705,7886,1585.0,"void at::native::elementwise_kernel<(int)128, (int)2, void at::native::gpu_kernel_impl_nocast<at::native::BinaryFunctor<float, float, float, at::native::binary_internal::MulFunctor<float>>>(at::TensorIteratorBase &, const T1 &)::[lambda(int) (instance 1)]>(int, T3)"
:mlp_b128/eager,PushPop,684,684,50,150,495655,3304.4,2977.0,2185,5352,1057.8,"void at::native::vectorized_elementwise_kernel<(int)4, at::native::BinaryFunctor<float, float, float, at::native::binary_internal::MulFunctor<float>>, std::array<char *, (unsigned long)3>, (bool)0>(int, T2, T3)"
:mlp_b128/eager,PushPop,684,684,50,100,401527,4015.3,3309.5,1963,6587,1975.2,"void at::native::vectorized_elementwise_kernel<(int)4, at::native::CUDAFunctor_add<float>, std::array<char *, (unsigned long)3>, (bool)0>(int, T2, T3)"
:mlp_b128/eager,PushPop,684,684,50,50,216078,4321.6,4307.0,4244,4402,35.1,"void at::native::elementwise_kernel<(int)128, (int)2, void at::native::gpu_kernel_impl_nocast<at::native::BinaryFunctor<float, float, float, at::native::binary_internal::DivFunctor<float>>>(at::TensorIteratorBase &, const T1 &)::[lambda(int) (instance 1)]>(int, T3)"
:mlp_b128/eager,PushPop,684,684,50,50,132506,2650.1,2629.0,2534,2850,49.6,"void at::native::vectorized_elementwise_kernel<(int)4, at::native::tanh_kernel_cuda(at::TensorIteratorBase &)::[lambda() (instance 2)]::operator ()() const::[lambda() (instance 2)]::operator ()() const::[lambda(float) (instance 1)], std::array<char *, (unsigned long)2>, (bool)0>(int, T2, T3)"
:mlp_b128/eager,PushPop,684,684,50,100,129681,1296.8,1298.5,1203,1520,73.0,"void at::native::vectorized_elementwise_kernel<(int)4, at::native::sqrt_kernel_cuda(at::TensorIteratorBase &)::[lambda() (instance 2)]::operator ()() const::[lambda() (instance 2)]::operator ()() const::[lambda(float) (instance 1)], std::array<char *, (unsigned long)2>, (bool)0>(int, T2, T3)"
:mlp_b128/eager,PushPop,684,684,50,50,68116,1362.3,1362.0,1330,1457,30.4,"void at::native::vectorized_elementwise_kernel<(int)4, at::native::BinaryFunctor<float, float, float, at::native::binary_internal::DivFunctor<float>>, std::array<char *, (unsigned long)3>, (bool)0>(int, T2, T3)"
:mlp_b128/eager_idiomatic,PushPop,684,684,50,50,3432475,68649.5,68832.5,66093,70210,980.8,ampere_sgemm_64x32_sliced1x4_nn
:mlp_b128/eager_idiomatic,PushPop,684,684,50,50,3232759,64655.2,64699.5,63496,65491,531.5,ampere_sgemm_128x32_nn
:mlp_b128/eager_idiomatic,PushPop,684,684,50,50,245309,4906.2,4909.0,4592,5162,148.2,"void at::native::batch_norm_transform_input_channels_last_kernel<float, float, float, (int)4>(const T1 *, const T1 *, const T2 *, const T2 *, const T3 *, const T3 *, T1 *, int, int, bool)"
:mlp_b128/eager_idiomatic,PushPop,684,684,50,50,139594,2791.9,2787.0,2629,2945,47.5,"void at::native::vectorized_elementwise_kernel<(int)4, at::native::GeluCUDAKernelImpl(at::TensorIteratorBase &, at::native::GeluType)::[lambda() (instance 1)]::operator ()() const::[lambda() (instance 2)]::operator ()() const::[lambda(float) (instance 1)], std::array<char *, (unsigned long)2>, (bool)0>(int, T2, T3)"
:mlp_b128/eager_idiomatic,PushPop,684,684,50,50,118437,2368.7,2312.0,2280,2660,83.9,"void at::native::vectorized_elementwise_kernel<(int)4, at::native::CUDAFunctor_add<float>, std::array<char *, (unsigned long)3>, (bool)0>(int, T2, T3)"
:mlp_b128/eager_idiomatic,PushPop,684,684,50,50,64130,1282.6,1267.0,1266,1394,32.8,"void at::native::vectorized_elementwise_kernel<(int)4, at::native::<unnamed>::batch_norm_calc_invstd(const at::Tensor &, const at::Tensor &, double)::[lambda() (instance 1)]::operator ()() const::[lambda() (instance 2)]::operator ()() const::[lambda(float) (instance 1)], std::array<char *, (unsigned long)2>, (bool)0>(int, T2, T3)"
:mlp_b128/minicompiler,PushPop,684,684,50,100,4828785,48287.8,48991.5,45001,52919,2468.6,"void minicompiler::cuda::<unnamed>::matmul_vectorized<(int)8, (bool)1, (bool)1>(const float *, const float *, float *, int, int, int, int, float *)"
:mlp_b128/minicompiler,PushPop,684,684,50,100,548979,5489.8,4957.0,3262,8677,2204.3,"void minicompiler::cuda::<unnamed>::sum_splits<(bool)1>(const float *, float *, unsigned long, int)"
:mlp_b128/minicompiler,PushPop,684,684,50,100,397284,3972.8,3942.5,2406,5763,1471.0,mc_elementwise
:mlp_b512/compile,PushPop,684,684,50,50,7630215,152604.3,154101.0,146880,155621,2928.2,ampere_sgemm_128x128_nn
:mlp_b512/compile,PushPop,684,684,50,50,7215605,144312.1,145186.5,140135,146944,2153.8,ampere_sgemm_128x64_nn
:mlp_b512/compile,PushPop,684,684,50,50,1273154,25463.1,25224.0,24449,30814,1145.6,triton_poi_fused_add_div_mul_sqrt_sub_tanh_0
:mlp_b512/compile,PushPop,684,684,50,50,243914,4878.3,4846.0,4719,5289,93.8,triton_poi_fused_add_1
:mlp_b512/compile_cudagraphs,PushPop,684,684,50,50,7572107,151442.1,151663.0,149382,154893,1306.6,ampere_sgemm_128x128_nn
:mlp_b512/compile_cudagraphs,PushPop,684,684,50,50,7215701,144314.0,144775.0,142162,146563,1166.7,ampere_sgemm_128x64_nn
:mlp_b512/compile_cudagraphs,PushPop,684,684,50,50,3102539,62050.8,61343.0,60393,78349,3286.4,"void at::native::<unnamed>::multi_tensor_apply_kernel<at::native::<unnamed>::TensorListMetadata<(int)2>, at::native::<unnamed>::UnaryOpFunctor<float, (int)2, (int)1, (int)1>, at::native::Copy<float, float>>(T1, T2, T3...)"
:mlp_b512/compile_cudagraphs,PushPop,684,684,50,50,1265743,25314.9,25113.0,24385,30561,1070.8,triton_poi_fused_add_div_mul_sqrt_sub_tanh_0
:mlp_b512/compile_cudagraphs,PushPop,684,684,50,50,227067,4541.3,4529.0,4402,4845,60.0,triton_poi_fused_add_1
:mlp_b512/eager,PushPop,684,684,50,50,7404667,148093.3,148004.5,146913,149256,559.8,ampere_sgemm_128x128_nn
:mlp_b512/eager,PushPop,684,684,50,50,7018814,140376.3,140341.0,139153,141750,640.2,ampere_sgemm_128x64_nn
:mlp_b512/eager,PushPop,684,684,50,300,5951845,19839.5,27457.0,2121,35089,11397.9,"void at::native::elementwise_kernel<(int)128, (int)2, void at::native::gpu_kernel_impl_nocast<at::native::CUDAFunctor_add<float>>(at::TensorIteratorBase &, const T1 &)::[lambda(int) (instance 1)]>(int, T3)"
:mlp_b512/eager,PushPop,684,684,50,200,5578788,27893.9,27488.5,26982,34994,1604.3,"void at::native::elementwise_kernel<(int)128, (int)2, void at::native::gpu_kernel_impl_nocast<at::native::BinaryFunctor<float, float, float, at::native::binary_internal::MulFunctor<float>>>(at::TensorIteratorBase &, const T1 &)::[lambda(int) (instance 1)]>(int, T3)"
:mlp_b512/eager,PushPop,684,684,50,150,5455101,36367.3,40283.0,26570,48833,6443.8,"void at::native::vectorized_elementwise_kernel<(int)4, at::native::BinaryFunctor<float, float, float, at::native::binary_internal::MulFunctor<float>>, std::array<char *, (unsigned long)3>, (bool)0>(int, T2, T3)"
:mlp_b512/eager,PushPop,684,684,50,100,2389389,23893.9,23751.5,6366,49847,17320.3,"void at::native::vectorized_elementwise_kernel<(int)4, at::native::CUDAFunctor_add<float>, std::array<char *, (unsigned long)3>, (bool)0>(int, T2, T3)"
:mlp_b512/eager,PushPop,684,684,50,50,1392763,27855.3,27504.5,27362,33728,1411.8,"void at::native::elementwise_kernel<(int)128, (int)2, void at::native::gpu_kernel_impl_nocast<at::native::BinaryFunctor<float, float, float, at::native::binary_internal::DivFunctor<float>>>(at::TensorIteratorBase &, const T1 &)::[lambda(int) (instance 1)]>(int, T3)"
:mlp_b512/eager,PushPop,684,684,50,50,1384059,27681.2,27456.5,26475,34330,1349.9,"void at::native::vectorized_elementwise_kernel<(int)4, at::native::tanh_kernel_cuda(at::TensorIteratorBase &)::[lambda() (instance 2)]::operator ()() const::[lambda() (instance 2)]::operator ()() const::[lambda(float) (instance 1)], std::array<char *, (unsigned long)2>, (bool)0>(int, T2, T3)"
:mlp_b512/eager,PushPop,684,684,50,100,141656,1416.6,1409.5,1330,1584,51.6,"void at::native::vectorized_elementwise_kernel<(int)4, at::native::sqrt_kernel_cuda(at::TensorIteratorBase &)::[lambda() (instance 2)]::operator ()() const::[lambda() (instance 2)]::operator ()() const::[lambda(float) (instance 1)], std::array<char *, (unsigned long)2>, (bool)0>(int, T2, T3)"
:mlp_b512/eager,PushPop,684,684,50,50,90957,1819.1,1805.0,1773,1964,51.3,"void at::native::vectorized_elementwise_kernel<(int)4, at::native::BinaryFunctor<float, float, float, at::native::binary_internal::DivFunctor<float>>, std::array<char *, (unsigned long)3>, (bool)0>(int, T2, T3)"
:mlp_b512/eager_idiomatic,PushPop,684,684,50,50,7436525,148730.5,148717.5,146722,150142,748.9,ampere_sgemm_128x128_nn
:mlp_b512/eager_idiomatic,PushPop,684,684,50,50,7071955,141439.1,141607.5,140103,142637,663.6,ampere_sgemm_128x64_nn
:mlp_b512/eager_idiomatic,PushPop,684,684,50,50,1344251,26885.0,26728.0,26444,32745,867.9,"void at::native::batch_norm_transform_input_channels_last_kernel<float, float, float, (int)4>(const T1 *, const T1 *, const T2 *, const T2 *, const T3 *, const T3 *, T1 *, int, int, bool)"
:mlp_b512/eager_idiomatic,PushPop,684,684,50,50,1295670,25913.4,25841.5,25209,30750,770.8,"void at::native::vectorized_elementwise_kernel<(int)4, at::native::GeluCUDAKernelImpl(at::TensorIteratorBase &, at::native::GeluType)::[lambda() (instance 1)]::operator ()() const::[lambda() (instance 2)]::operator ()() const::[lambda(float) (instance 1)], std::array<char *, (unsigned long)2>, (bool)0>(int, T2, T3)"
:mlp_b512/eager_idiomatic,PushPop,684,684,50,50,306617,6132.3,6159.5,5479,6397,150.8,"void at::native::vectorized_elementwise_kernel<(int)4, at::native::CUDAFunctor_add<float>, std::array<char *, (unsigned long)3>, (bool)0>(int, T2, T3)"
:mlp_b512/eager_idiomatic,PushPop,684,684,50,50,71632,1432.6,1425.0,1393,1520,26.0,"void at::native::vectorized_elementwise_kernel<(int)4, at::native::<unnamed>::batch_norm_calc_invstd(const at::Tensor &, const at::Tensor &, double)::[lambda() (instance 1)]::operator ()() const::[lambda() (instance 2)]::operator ()() const::[lambda(float) (instance 1)], std::array<char *, (unsigned long)2>, (bool)0>(int, T2, T3)"
:mlp_b512/minicompiler,PushPop,684,684,50,100,17813265,178132.6,178090.5,163538,193497,13515.5,"void minicompiler::cuda::<unnamed>::matmul_vectorized<(int)8, (bool)1, (bool)1>(const float *, const float *, float *, int, int, int, int, float *)"
:mlp_b512/minicompiler,PushPop,684,684,50,100,1702559,17025.6,16848.0,6271,33822,10273.1,mc_elementwise
:mlp_b512/minicompiler,PushPop,684,684,50,50,378350,7567.0,7552.5,6714,8519,417.1,"void minicompiler::cuda::<unnamed>::sum_splits<(bool)1>(const float *, float *, unsigned long, int)"
