Time (%),Total Time (ns),Instances,Avg (ns),Med (ns),Min (ns),Max (ns),StdDev (ns),Style,Range
22.9,122515722,50,2450314.4,2379572.0,2327893,4651306,325903.3,PushPop,:gelu_32mb/eager
9.0,48142237,50,962844.7,958491.0,892227,1086383,39936.7,PushPop,:mlp_b512/minicompiler
8.2,44026080,50,880521.6,874242.0,830011,1029228,38143.8,PushPop,:mlp_b512/eager
7.5,40292916,50,805858.3,656633.5,549466,1253257,268636.8,PushPop,:mlp_b128/eager
6.0,32074798,50,641496.0,646955.5,589682,730472,32390.0,PushPop,:gelu_32mb/compile_cudagraphs
6.0,32002704,50,640054.1,621871.5,559227,846765,60490.8,PushPop,:mlp_b512/compile_cudagraphs
5.8,31202164,50,624043.3,629922.0,559842,695066,33860.6,PushPop,:mlp_b128/minicompiler
5.0,26816454,50,536329.1,530084.5,462915,680666,40049.8,PushPop,:mlp_b512/compile
4.1,21774782,50,435495.6,424606.5,411616,565100,27432.9,PushPop,:mlp_b512/eager_idiomatic
4.0,21300844,50,426016.9,401160.5,345954,807308,77567.6,PushPop,:mlp_b128/compile_cudagraphs
3.9,21115092,50,422301.8,330442.0,277892,1928157,270455.9,PushPop,:mlp_b128/eager_idiomatic
3.5,18791163,50,375823.3,378357.0,306422,516351,48483.4,PushPop,:gelu_32mb/compile
3.3,17533786,50,350675.7,327828.0,296271,648854,63981.3,PushPop,:mlp_b128/compile
2.4,12971838,50,259436.8,249709.5,240529,400153,26539.0,PushPop,:gelu_32mb/minicompiler
2.4,12773493,50,255469.9,248302.5,243723,320917,18094.4,PushPop,:gelu_32mb/eager_idiomatic
2.2,11559205,50,231184.1,220063.5,196055,336119,32264.5,PushPop,:gelu_16kb/eager
1.8,9601270,50,192025.4,175854.0,169015,592557,61174.2,PushPop,:gelu_16kb/compile_cudagraphs
1.1,5702845,50,114056.9,101258.0,91947,307124,35769.8,PushPop,:gelu_16kb/compile
0.4,2378682,50,47573.6,46506.5,44788,62457,3044.9,PushPop,:gelu_16kb/eager_idiomatic
0.4,1987222,50,39744.4,38035.5,36904,69392,5097.1,PushPop,:gelu_16kb/minicompiler
