Range,Style,Total Proj Time (ns),Total Range Time (ns),Range Instances,Proj Avg (ns),Proj Med (ns),Proj Min (ns),Proj Max (ns),Proj StdDev (ns),Total GPU Ops,Avg GPU Ops,Avg Range Lvl,Avg Num Child
:gelu_32mb/eager,PushPop,121665932,132085514,50,2433318.6,2256364.5,2206850,4346783,485215.9,550,11.0,0.0,0.0
:mlp_b512/eager,PushPop,38863036,43399312,50,777260.7,772088.5,767433,865702,20557.4,1200,24.0,0.0,0.0
:mlp_b128/eager,PushPop,27337790,32573678,50,546755.8,506053.5,443302,762904,92109.3,1200,24.0,0.0,0.0
:gelu_32mb/compile_cudagraphs,PushPop,24244051,36168078,50,484881.0,426675.0,424206,2222811,286640.9,100,2.0,0.0,0.0
:mlp_b512/minicompiler,PushPop,20214378,24191065,50,404287.6,404364.5,401816,411380,1613.7,250,5.0,0.0,0.0
:mlp_b512/compile_cudagraphs,PushPop,19860502,30557809,50,397210.0,397255.0,391586,419867,4745.8,100,2.0,0.0,0.0
:mlp_b512/eager_idiomatic,PushPop,18621265,21332603,50,372425.3,370225.5,364826,405996,8640.1,450,9.0,0.0,0.0
:mlp_b512/compile,PushPop,17087956,25312912,50,341759.1,342025.0,329167,373789,8761.1,300,6.0,0.0,0.0
:mlp_b128/eager_idiomatic,PushPop,11218436,14198572,50,224368.7,219022.5,192294,332777,27365.1,450,9.0,0.0,0.0
:gelu_32mb/minicompiler,PushPop,10648867,15961767,50,212977.3,211184.5,207210,270073,8899.9,50,1.0,0.0,0.0
:gelu_32mb/compile,PushPop,10610137,20325002,50,212202.7,210994.0,205848,270864,8570.1,50,1.0,0.0,0.0
:gelu_32mb/eager_idiomatic,PushPop,10572353,17750866,50,211447.1,210123.5,205120,268742,8825.6,50,1.0,0.0,0.0
:mlp_b128/compile_cudagraphs,PushPop,10265989,20179671,50,205319.8,205056.0,201256,220163,2666.1,100,2.0,0.0,0.0
:mlp_b128/compile,PushPop,10162972,19099760,50,203259.4,187939.0,151789,341170,48769.9,300,6.0,0.0,0.0
:gelu_16kb/eager,PushPop,9150359,11523422,50,183007.2,179246.5,151441,243122,21702.8,550,11.0,0.0,0.0
:mlp_b128/minicompiler,PushPop,6310514,8815467,50,126210.3,123430.0,120817,175382,10614.4,300,6.0,0.0,0.0
:gelu_16kb/compile_cudagraphs,PushPop,1377379,11646536,50,27547.6,22596.0,22295,104634,14845.5,100,2.0,0.0,0.0
:gelu_16kb/compile,PushPop,376895,5704436,50,7537.9,7537.0,7505,7600,28.8,50,1.0,0.0,0.0
:gelu_16kb/eager_idiomatic,PushPop,367485,2650803,50,7349.7,7347.0,7284,7506,38.9,50,1.0,0.0,0.0
:gelu_16kb/minicompiler,PushPop,362515,2490401,50,7250.3,7252.0,7188,7316,34.1,50,1.0,0.0,0.0
